Date	Open	High	Low	Close 	Adj Close 	Volume
Aug 1, 2025	172.38	172.38	165.31	166.74	166.74	7,744,199,680
Jul 30, 2025	181.34	182.38	172.34	177.69	177.69	6,074,764,559
Jul 29, 2025	182.56	186.49	178.57	181.34	181.34	5,430,304,723
Jul 28, 2025	188.73	194.66	182.37	182.54	182.54	7,456,216,270
Jul 27, 2025	184.91	190.44	184.74	188.73	188.73	4,713,357,652
Jul 26, 2025	186.78	189.65	184.53	184.91	184.91	3,756,183,776
Jul 25, 2025	182.60	186.79	176.41	186.78	186.78	8,613,557,362
Jul 24, 2025	189.54	191.88	179.95	182.61	182.61	8,921,891,799
Jul 23, 2025	205.71	205.76	184.33	189.54	189.54	10,671,351,702
Jul 22, 2025	195.99	205.87	194.28	205.70	205.70	14,508,715,185
Jul 21, 2025	181.55	198.92	178.56	195.99	195.99	11,211,509,986
Jul 20, 2025	177.07	183.32	176.53	181.55	181.55	6,503,778,374
Jul 19, 2025	177.38	178.37	174.31	177.07	177.07	4,074,891,432
Jul 18, 2025	175.79	184.37	173.91	177.38	177.38	8,439,352,014
Jul 17, 2025	173.71	178.07	169.03	175.79	175.79	7,913,250,794
Jul 16, 2025	163.95	175.84	161.69	173.71	173.71	8,415,349,750
Jul 15, 2025	162.28	164.12	157.60	163.95	163.95	6,533,486,768
Jul 14, 2025	161.19	168.34	160.78	162.28	162.28	7,130,680,773
Jul 13, 2025	160.68	163.96	159.92	161.19	161.19	3,865,898,680
Jul 12, 2025	162.88	163.85	158.00	160.68	160.68	3,795,297,694
Jul 11, 2025	164.06	167.92	160.07	162.88	162.88	7,095,844,188
Jul 10, 2025	157.28	165.08	156.05	164.06	164.06	5,703,252,463
Jul 9, 2025	151.81	157.88	150.70	157.28	157.28	4,759,358,090
Jul 8, 2025	148.87	152.80	147.95	151.81	151.81	3,885,408,944
Jul 7, 2025	151.87	153.28	147.79	148.87	148.87	3,661,294,298
Jul 6, 2025	147.64	153.39	146.90	151.87	151.87	2,921,512,526
Jul 5, 2025	147.76	148.59	146.08	147.64	147.64	1,579,874,806
Jul 4, 2025	152.40	153.56	145.45	147.76	147.76	3,575,641,174
Jul 3, 2025	152.23	156.19	150.15	152.40	152.40	3,748,228,101
Jul 2, 2025	146.93	154.41	146.23	152.23	152.23	3,941,952,132
Jul 1, 2025	154.74	155.35	145.21	146.93	146.93	3,599,415,509
Jun 30, 2025	153.35	159.63	149.61	154.74	154.74	4,752,163,067
Jun 29, 2025	150.83	154.42	149.53	153.35	153.35	2,462,940,245
Jun 28, 2025	142.19	152.44	141.35	150.83	150.83	2,847,495,210
Jun 27, 2025	139.06	144.40	137.79	142.19	142.19	3,327,165,986
Jun 26, 2025	143.51	147.73	138.81	139.06	139.06	3,480,832,173
Jun 25, 2025	145.95	147.77	142.56	143.51	143.51	3,095,794,422
Jun 24, 2025	144.85	146.59	142.57	145.95	145.95	3,709,899,362
Jun 23, 2025	131.62	146.60	131.16	144.85	144.85	5,742,740,781
Jun 22, 2025	135.20	137.55	126.83	131.62	131.62	4,990,284,543
Jun 21, 2025	140.17	142.50	132.41	135.16	135.16	3,335,622,844
Jun 20, 2025	147.07	148.72	136.51	140.17	140.17	4,112,242,022
Jun 19, 2025	146.36	147.79	143.11	147.07	147.07	2,754,965,137
Jun 18, 2025	147.75	149.16	143.97	146.35	146.35	3,507,323,344
Jun 17, 2025	150.86	154.15	145.87	147.75	147.75	4,505,742,897
Jun 16, 2025	152.81	158.61	150.87	150.87	150.87	4,629,439,778
Jun 15, 2025	144.76	153.22	144.36	152.81	152.81	3,600,058,127
Jun 14, 2025	148.63	148.65	142.23	144.76	144.76	2,159,011,897
Jun 13, 2025	152.79	152.79	141.44	148.63	148.63	6,346,327,306
Jun 12, 2025	161.06	161.20	152.24	152.79	152.79	3,655,760,294
Jun 11, 2025	165.03	168.02	159.43	161.06	161.06	5,292,694,830
Jun 10, 2025	161.09	165.53	156.84	165.03	165.03	4,891,108,456
Jun 9, 2025	152.43	161.50	149.84	161.09	161.09	3,689,102,023
Jun 8, 2025	150.13	155.04	148.22	152.43	152.43	1,928,262,265
Jun 7, 2025	147.91	152.83	147.19	150.13	150.13	1,895,979,261
Jun 6, 2025	144.54	152.02	144.44	147.91	147.91	2,780,168,622
Jun 5, 2025	153.36	154.56	141.90	144.54	144.54	4,691,163,987
Jun 4, 2025	155.34	157.85	153.18	153.36	153.36	2,694,510,572
Jun 3, 2025	157.00	163.39	154.71	155.34	155.34	3,739,800,274
Jun 2, 2025	157.78	158.89	152.00	157.00	157.00	3,070,599,881
Jun 1, 2025	156.64	157.83	150.84	157.78	157.78	2,554,572,841
May 31, 2025	156.24	157.94	152.44	156.64	156.64	2,817,151,487
May 30, 2025	166.59	167.35	156.03	156.23	156.23	4,458,908,034
May 29, 2025	172.19	175.18	166.26	166.59	166.59	3,480,369,993
May 28, 2025	176.81	177.38	169.11	172.19	172.19	3,454,599,629
May 27, 2025	174.91	179.22	171.58	176.82	176.82	3,737,068,836
May 26, 2025	175.73	178.98	173.70	174.91	174.91	2,872,898,398
May 25, 2025	176.03	176.72	169.36	175.73	175.73	3,395,309,315
May 24, 2025	173.84	178.14	172.79	176.04	176.04	3,002,798,120
May 23, 2025	179.69	187.28	173.57	173.83	173.83	7,488,253,558
May 22, 2025	173.68	180.55	172.76	179.69	179.69	4,913,432,701
May 21, 2025	168.48	175.52	166.30	173.68	173.68	5,254,974,027
May 20, 2025	166.86	172.86	164.78	168.48	168.48	3,787,047,019
May 19, 2025	173.84	173.84	159.65	166.86	166.86	4,498,613,127
May 18, 2025	165.93	176.49	165.51	173.90	173.90	3,866,092,629
May 17, 2025	167.33	169.77	164.22	165.93	165.93	2,783,616,834
May 16, 2025	169.01	173.96	166.76	167.33	167.33	3,495,576,096
May 15, 2025	176.71	178.11	167.28	169.01	169.01	4,347,587,992
May 14, 2025	184.01	184.72	173.73	176.71	176.71	4,610,872,279
May 13, 2025	174.25	184.70	166.81	184.01	184.01	5,170,161,208
May 12, 2025	173.04	180.95	169.08	174.25	174.25	6,940,951,587
May 11, 2025	177.62	179.62	169.72	173.03	173.03	4,025,374,577
May 10, 2025	172.83	178.57	168.93	177.62	177.62	4,012,477,696
May 9, 2025	163.96	175.86	161.25	172.83	172.83	7,452,318,987
May 8, 2025	147.22	163.98	147.21	163.96	163.96	6,372,889,923
May 7, 2025	146.77	149.34	144.88	147.21	147.21	4,316,881,378
May 6, 2025	146.70	147.09	141.67	146.77	146.77	2,728,680,947
May 5, 2025	143.99	147.62	142.90	146.70	146.70	2,238,980,623
May 4, 2025	146.80	147.68	143.82	143.98	143.98	1,636,835,620
May 3, 2025	148.05	148.96	146.11	146.80	146.80	1,567,415,096
May 2, 2025	150.84	151.73	147.45	148.05	148.05	2,823,970,426
May 1, 2025	147.64	153.87	147.61	150.85	150.85	3,224,541,533
Apr 30, 2025	146.43	148.21	140.71	147.64	147.64	3,017,472,875
Apr 29, 2025	147.81	150.04	145.17	146.43	146.43	2,872,743,502
Apr 28, 2025	148.25	153.21	144.89	147.81	147.81	3,819,502,747
Apr 27, 2025	149.29	150.21	145.77	148.25	148.25	2,015,737,709
Apr 26, 2025	150.92	153.02	148.04	149.29	149.29	2,128,235,815
Apr 25, 2025	152.32	156.05	150.13	150.92	150.92	4,411,923,686
Apr 24, 2025	151.15	152.75	145.66	152.30	152.30	3,903,057,847
Apr 23, 2025	148.74	153.87	147.45	151.15	151.15	4,699,152,180
Apr 22, 2025	136.70	149.95	135.38	148.74	148.74	4,659,792,312
Apr 21, 2025	137.77	142.66	134.12	136.70	136.70	4,162,691,832
Apr 20, 2025	139.75	141.83	135.77	137.77	137.77	2,796,023,398
Apr 19, 2025	134.07	140.09	133.69	139.75	139.75	2,522,912,658
Apr 18, 2025	134.70	135.87	132.59	134.07	134.07	2,142,264,993
Apr 17, 2025	131.45	135.91	129.73	134.70	134.70	3,504,448,606
Apr 16, 2025	126.26	133.59	123.72	131.45	131.45	4,448,562,334
Apr 15, 2025	129.31	134.19	126.14	126.26	126.26	3,272,094,237
Apr 14, 2025	128.58	135.19	128.23	129.31	129.31	4,425,565,001
Apr 13, 2025	132.26	133.51	125.52	128.58	128.58	3,818,650,340
Apr 12, 2025	121.53	133.76	119.66	132.26	132.26	4,089,397,536
Apr 11, 2025	112.81	122.40	112.19	121.53	121.53	3,953,610,468
Apr 10, 2025	119.06	119.08	108.60	112.80	112.80	4,310,698,523
Apr 9, 2025	105.51	120.47	101.43	119.06	119.06	7,096,350,476
Apr 8, 2025	106.91	112.30	103.14	105.51	105.51	5,353,641,480
Apr 7, 2025	105.71	111.47	96.59	106.90	106.90	8,644,174,246
Apr 6, 2025	120.26	120.93	104.00	105.71	105.71	3,822,458,629
Apr 5, 2025	122.79	122.79	117.19	120.26	120.26	1,667,996,329
Apr 4, 2025	117.06	123.90	113.60	122.79	122.79	5,182,517,335
Apr 3, 2025	117.75	120.79	112.48	117.06	117.06	4,633,002,432
Apr 2, 2025	126.68	135.70	117.74	117.76	117.76	5,399,672,438
Apr 1, 2025	124.70	130.03	123.95	126.68	126.68	2,993,289,339
Mar 31, 2025	124.64	127.70	123.08	124.69	124.69	3,206,702,485
Mar 30, 2025	124.59	126.62	123.30	124.64	124.64	1,639,017,444
Mar 29, 2025	129.42	130.38	123.07	124.59	124.59	2,253,256,988
Mar 28, 2025	138.35	138.95	127.98	129.42	129.42	3,532,896,573
Mar 27, 2025	137.29	140.17	135.92	138.35	138.35	2,660,348,034
Mar 26, 2025	143.82	145.37	136.14	137.29	137.29	3,083,070,981
Mar 25, 2025	140.87	147.06	138.35	143.82	143.82	3,585,353,324
Mar 24, 2025	132.60	144.88	132.16	140.87	140.87	4,207,560,020
Mar 23, 2025	128.48	133.96	128.34	132.60	132.60	1,711,242,607
Mar 22, 2025	128.43	131.58	127.93	128.48	128.48	1,442,831,196
Mar 21, 2025	127.50	129.96	124.98	128.43	128.43	2,370,317,364
Mar 20, 2025	135.57	135.77	126.85	127.50	127.50	2,469,659,459
Mar 19, 2025	125.31	135.93	124.30	135.57	135.57	3,539,287,974
Mar 18, 2025	128.16	128.16	121.94	125.31	125.31	2,534,317,858
Mar 17, 2025	125.99	130.53	125.86	128.16	128.16	2,487,364,373
Mar 16, 2025	135.92	136.47	125.39	125.99	125.99	2,456,569,508
Mar 15, 2025	133.31	136.48	132.56	135.91	135.91	1,844,463,215
Mar 14, 2025	123.29	135.64	123.12	133.31	133.31	3,161,542,602
Mar 13, 2025	126.58	128.16	120.91	123.29	123.29	2,871,050,068
Mar 12, 2025	125.26	130.66	121.37	126.58	126.58	4,112,201,839
Mar 11, 2025	118.29	128.15	113.19	125.26	125.26	5,259,428,587
Mar 10, 2025	126.44	131.24	115.92	118.29	118.29	5,519,806,938
Mar 9, 2025	136.94	139.73	125.94	126.44	126.44	3,429,886,567
Mar 8, 2025	139.21	140.90	135.48	136.94	136.94	2,270,939,562
Mar 7, 2025	143.36	150.02	135.72	139.21	139.21	6,090,751,623
Mar 6, 2025	146.27	152.78	142.78	143.36	143.36	4,204,376,336
Mar 5, 2025	144.92	149.49	140.60	146.27	146.27	4,501,939,048
Mar 4, 2025	142.03	146.40	131.57	144.92	144.92	8,035,056,091
Mar 3, 2025	178.50	178.63	139.79	142.02	142.02	9,241,009,702
Mar 2, 2025	143.68	178.51	140.30	178.50	178.50	11,540,413,390
Mar 1, 2025	148.03	150.79	138.68	143.68	143.68	3,305,410,077
Feb 28, 2025	137.62	148.18	125.74	148.03	148.03	7,544,673,033
Feb 27, 2025	134.83	142.18	134.73	137.62	137.62	3,723,520,943
Feb 26, 2025	144.10	144.87	130.69	134.83	134.83	4,916,419,994
Feb 25, 2025	141.99	146.74	132.49	144.11	144.11	9,341,433,919
Feb 24, 2025	168.04	169.56	140.57	141.99	141.99	7,062,261,489
Feb 23, 2025	172.16	173.04	166.63	168.04	168.04	1,621,130,854
Feb 22, 2025	168.89	174.47	168.37	172.16	172.16	2,026,581,266
Feb 21, 2025	176.04	180.43	167.31	168.89	168.89	4,684,370,707
Feb 20, 2025	169.01	176.59	167.87	176.05	176.05	3,347,070,717
Feb 19, 2025	169.09	174.12	163.96	169.01	169.01	3,717,681,436
Feb 18, 2025	177.69	178.95	161.31	169.08	169.08	6,684,824,301
Feb 17, 2025	188.49	189.51	175.26	177.69	177.69	4,345,262,539
Feb 16, 2025	194.48	196.07	186.98	188.49	188.49	2,160,799,161
Feb 15, 2025	199.89	200.05	192.81	194.48	194.48	1,869,221,857
Feb 14, 2025	194.45	205.13	194.35	199.94	199.94	3,732,334,277
Feb 13, 2025	196.77	198.26	189.43	194.46	194.46	2,755,407,329
Feb 12, 2025	197.98	198.45	189.61	196.77	196.77	4,290,836,657
Feb 11, 2025	200.36	205.92	195.32	197.98	197.98	3,907,611,299
Feb 10, 2025	200.50	208.83	196.38	200.36	200.36	4,106,376,694
Feb 9, 2025	199.59	207.27	194.24	200.50	200.50	3,380,872,965
Feb 8, 2025	192.20	200.83	190.13	199.60	199.60	2,387,525,186
Feb 7, 2025	189.76	203.15	188.48	192.20	192.20	4,593,806,344
Feb 6, 2025	195.99	203.89	188.17	189.77	189.77	3,936,545,265
Feb 5, 2025	207.08	209.32	195.39	195.99	195.99	3,826,498,437
Feb 4, 2025	216.15	220.00	202.85	207.09	207.09	7,328,632,702
Feb 3, 2025	203.12	218.65	180.41	216.15	216.15	15,260,840,772
Feb 2, 2025	213.78	218.38	195.45	203.12	203.12	8,432,593,480
Feb 1, 2025	231.64	233.86	213.44	213.79	213.79	3,546,350,864
Jan 31, 2025	239.02	241.67	228.48	231.64	231.64	4,043,216,055
Jan 30, 2025	227.95	244.33	227.14	239.02	239.02	4,636,567,306
Jan 29, 2025	227.20	237.71	222.92	227.94	227.94	5,385,638,692
Jan 28, 2025	235.07	243.89	225.26	227.20	227.20	5,105,320,114
Jan 27, 2025	240.89	242.43	221.98	235.07	235.07	10,736,630,238
Jan 26, 2025	256.07	259.63	240.85	240.88	240.88	4,178,231,600
Jan 25, 2025	253.37	260.58	246.66	256.07	256.07	5,035,419,721
Jan 24, 2025	253.46	269.81	247.63	253.36	253.36	7,483,041,553
Jan 23, 2025	257.24	258.13	242.50	253.46	253.46	9,264,528,949
Jan 22, 2025	250.41	271.53	248.75	257.24	257.24	8,880,832,578
Jan 21, 2025	242.24	259.83	231.68	250.41	250.41	10,694,802,909
Jan 20, 2025	250.62	272.15	231.63	242.25	242.25	22,690,757,561
Jan 19, 2025	261.87	294.33	239.61	250.59	250.59	33,172,955,667
Jan 18, 2025	219.62	268.75	217.58	261.87	261.87	23,186,958,912
Jan 17, 2025	211.23	221.85	209.97	219.62	219.62	5,118,230,275
Jan 16, 2025	205.92	216.84	198.66	211.23	211.23	6,099,125,467
Jan 15, 2025	187.50	205.93	186.00	205.91	205.91	4,071,481,523
Jan 14, 2025	182.83	189.94	181.96	187.50	187.50	2,748,310,371
Jan 13, 2025	188.55	191.78	170.63	182.84	182.84	5,225,490,858
Jan 12, 2025	188.00	190.75	185.25	188.56	188.56	1,544,086,708
Jan 11, 2025	187.57	191.72	184.28	188.00	188.00	2,174,290,937
Jan 10, 2025	185.01	192.76	183.87	187.58	187.58	3,739,014,100
Jan 9, 2025	197.56	198.90	182.32	185.03	185.03	3,815,664,216
Jan 8, 2025	202.23	203.06	188.96	197.56	197.56	5,028,291,858
Jan 7, 2025	218.41	219.14	202.12	202.23	202.23	4,360,983,978
Jan 6, 2025	213.39	222.95	211.65	218.72	218.72	3,408,034,919
Jan 5, 2025	216.62	218.88	211.77	213.39	213.39	2,403,765,299
Jan 4, 2025	217.75	217.91	213.83	216.62	216.62	2,432,220,391
Jan 3, 2025	207.77	219.56	205.65	217.75	217.75	4,064,420,852
Jan 2, 2025	193.87	209.07	193.26	207.77	207.77	4,230,329,837
Jan 1, 2025	189.27	194.82	187.88	193.87	193.87	2,324,231,668
Dec 31, 2024	191.05	198.68	187.98	189.26	189.26	3,276,526,561
Dec 30, 2024	189.74	196.12	185.94	191.03	191.03	3,246,300,054
Dec 29, 2024	195.02	197.18	188.34	189.74	189.74	2,165,753,102
Dec 28, 2024	183.83	195.44	183.83	195.01	195.01	2,158,687,217
Dec 27, 2024	188.22	193.75	182.95	183.83	183.83	2,788,285,851
Dec 26, 2024	197.48	199.40	186.86	188.22	188.22	2,864,701,219
Dec 25, 2024	196.99	201.63	195.35	197.48	197.48	2,688,415,733
Dec 24, 2024	189.75	198.70	186.12	196.99	196.99	3,412,375,255
Dec 23, 2024	180.17	193.05	176.72	189.75	189.75	4,922,594,345
Dec 22, 2024	181.29	187.53	177.13	180.17	180.17	4,001,292,417
Dec 21, 2024	194.21	201.63	178.74	181.30	181.30	5,368,845,730
Dec 20, 2024	194.28	199.36	175.91	194.21	194.21	9,600,073,165
Dec 19, 2024	206.38	212.00	188.03	194.28	194.28	8,043,974,299
Dec 18, 2024	222.82	225.89	205.00	206.38	206.38	6,888,988,933
Dec 17, 2024	216.33	228.69	211.91	222.82	222.82	6,445,051,900
Dec 16, 2024	223.66	227.04	213.48	216.33	216.33	5,071,129,914
Dec 15, 2024	219.84	225.07	215.91	223.66	223.66	2,969,473,030
Dec 14, 2024	224.84	227.24	215.34	219.84	219.84	2,925,240,730
Dec 13, 2024	227.03	228.27	220.82	224.84	224.84	4,029,626,623
Dec 12, 2024	227.45	234.33	225.95	227.03	227.03	4,935,392,005
Dec 11, 2024	213.84	230.51	211.99	227.45	227.45	5,615,074,058
Dec 10, 2024	217.33	220.74	203.72	213.82	213.82	8,419,973,004
Dec 9, 2024	237.46	237.46	209.71	217.34	217.34	8,610,208,198
Dec 8, 2024	239.49	241.44	233.71	236.67	236.67	3,204,778,349
Dec 7, 2024	237.05	243.12	234.66	238.55	238.55	4,003,422,914
Dec 6, 2024	236.54	246.42	231.43	237.05	237.05	6,726,557,034
Dec 5, 2024	229.12	244.68	223.46	234.00	234.00	8,820,663,279
Dec 4, 2024	234.20	240.72	225.25	229.12	229.12	6,569,129,896
Dec 3, 2024	225.77	239.27	216.47	234.20	234.20	8,404,095,315
Dec 2, 2024	237.07	237.88	220.55	225.76	225.76	7,374,176,295
Dec 1, 2024	237.74	239.81	234.53	237.07	237.07	3,726,118,866
Nov 30, 2024	243.55	245.24	237.72	237.74	237.74	3,549,156,564
Nov 29, 2024	237.76	246.78	236.82	243.55	243.55	4,152,396,835
Nov 28, 2024	242.30	245.20	233.20	237.76	237.76	4,047,310,070
Nov 27, 2024	230.97	243.12	228.13	242.30	242.30	5,381,404,312
Nov 26, 2024	234.45	239.64	222.96	230.98	230.98	6,996,936,265
Nov 25, 2024	252.92	256.42	231.55	234.45	234.45	6,616,015,635
Nov 24, 2024	255.18	259.63	243.12	252.92	252.92	5,330,146,683
Nov 23, 2024	256.52	263.83	253.19	255.18	255.18	6,234,742,858
Nov 22, 2024	257.08	263.70	252.14	256.52	256.52	7,249,493,783
Nov 21, 2024	235.43	259.05	230.34	257.07	257.07	10,735,314,060
Nov 20, 2024	238.09	242.11	230.91	235.42	235.42	6,454,141,445
Nov 19, 2024	239.80	247.09	234.15	238.10	238.10	6,711,919,414
Nov 18, 2024	237.58	248.19	234.40	239.79	239.79	8,798,714,213
Nov 17, 2024	215.85	241.24	212.73	237.58	237.58	9,981,076,722
Nov 16, 2024	218.57	221.66	213.80	215.85	215.85	4,698,955,745
Nov 15, 2024	209.24	219.54	204.83	218.09	218.09	6,109,860,311
Nov 14, 2024	215.18	222.64	207.50	209.22	209.22	8,094,554,275
Nov 13, 2024	212.21	220.34	201.47	215.18	215.18	11,296,665,808
Nov 12, 2024	222.64	225.01	205.45	212.23	212.23	11,308,516,682
Nov 11, 2024	210.61	223.22	204.56	222.64	222.64	10,290,809,023
Nov 10, 2024	200.20	215.18	198.98	210.61	210.61	8,564,655,765
Nov 9, 2024	199.94	203.35	195.47	200.19	200.19	3,363,617,004
Nov 8, 2024	196.33	204.97	196.02	199.94	199.94	5,673,142,495
Nov 7, 2024	186.95	197.90	186.14	196.33	196.33	4,700,842,780
Nov 6, 2024	166.72	189.92	166.70	186.95	186.95	9,822,932,731
Nov 5, 2024	157.75	169.13	156.99	166.72	166.72	3,243,848,057
Nov 4, 2024	162.55	164.71	155.17	157.75	157.75	2,809,006,700
Nov 3, 2024	166.01	166.38	158.14	162.55	162.55	2,645,801,646
Nov 2, 2024	166.26	168.46	162.39	166.01	166.01	1,618,170,398
Nov 1, 2024	168.43	173.85	164.03	166.26	166.26	3,157,093,060
Oct 31, 2024	174.93	176.28	167.58	168.43	168.43	2,652,620,406
Oct 30, 2024	179.36	181.15	173.40	174.92	174.92	2,772,422,773
Oct 29, 2024	178.10	183.04	176.86	179.36	179.36	3,919,545,873
Oct 28, 2024	176.55	179.41	172.87	178.10	178.10	3,623,055,701
Oct 27, 2024	170.71	177.90	170.19	176.55	176.55	2,427,933,420
Oct 26, 2024	164.76	172.82	162.44	170.71	170.71	2,755,373,492
Oct 25, 2024	177.16	177.19	160.04	164.76	164.76	4,869,966,180
Oct 24, 2024	171.11	179.00	170.52	177.16	177.16	3,529,481,044
Oct 23, 2024	167.26	173.82	164.19	170.93	170.93	3,861,697,575
Oct 22, 2024	166.22	170.76	163.29	167.26	167.26	3,470,792,372
Oct 21, 2024	166.94	171.43	161.81	166.22	166.22	3,924,173,188
Oct 20, 2024	159.64	167.59	157.77	166.94	166.94	2,579,198,899
Oct 19, 2024	154.98	159.71	153.91	159.64	159.64	1,440,375,026
Oct 18, 2024	150.32	156.54	149.70	154.98	154.98	1,754,226,839
Oct 17, 2024	154.24	155.55	147.94	150.32	150.32	2,157,747,733
Oct 16, 2024	154.72	158.14	153.08	154.23	154.23	2,397,546,608
Oct 15, 2024	157.45	158.72	150.91	154.72	154.72	3,451,652,506
Oct 14, 2024	147.57	157.75	147.01	157.45	157.45	2,929,339,176
Oct 13, 2024	146.50	148.71	144.62	147.57	147.57	1,294,444,111
Oct 12, 2024	145.38	147.14	144.76	146.50	146.50	1,118,630,507
Oct 11, 2024	138.89	146.43	138.76	145.38	145.38	1,797,846,253
Oct 10, 2024	139.31	140.58	135.58	138.89	138.89	1,770,157,917
Oct 9, 2024	143.40	145.13	138.80	139.32	139.32	1,697,499,287
Oct 8, 2024	143.99	145.45	141.24	143.39	143.39	1,710,617,951
Oct 7, 2024	146.44	152.10	143.60	143.99	143.99	2,678,803,498
Oct 6, 2024	142.71	146.62	142.11	146.44	146.44	1,168,715,645
Oct 5, 2024	143.17	144.83	141.17	142.71	142.71	1,113,937,760
Oct 4, 2024	136.79	144.43	136.08	143.17	143.17	2,361,841,303
Oct 3, 2024	140.38	142.81	133.55	136.79	136.79	2,914,986,844
Oct 2, 2024	145.29	148.83	138.92	140.39	140.39	2,892,264,150
Oct 1, 2024	152.62	157.26	142.84	145.29	145.29	3,656,164,855
Sep 30, 2024	158.63	159.51	152.02	152.62	152.62	2,376,780,676
Sep 29, 2024	156.91	161.62	155.24	158.63	158.63	1,773,980,028
Sep 28, 2024	157.75	159.35	155.30	156.91	156.91	1,300,870,644
Sep 27, 2024	155.58	160.98	154.13	157.75	157.75	2,765,830,721
Sep 26, 2024	148.02	157.86	146.87	155.58	155.58	3,009,969,111
Sep 25, 2024	152.89	153.55	147.45	148.02	148.02	2,138,602,628
Sep 24, 2024	144.81	153.54	143.30	152.89	152.89	2,927,238,360
Sep 23, 2024	144.80	148.97	142.64	144.81	144.81	2,344,229,720
Sep 22, 2024	149.53	149.87	141.38	144.80	144.80	1,597,826,979
Sep 21, 2024	146.57	149.84	144.80	149.53	149.53	1,385,610,390
Sep 20, 2024	142.84	151.76	141.32	146.57	146.57	3,241,123,621
Sep 19, 2024	133.99	143.90	133.99	142.84	142.84	2,884,543,933
Sep 18, 2024	131.54	133.99	127.25	133.99	133.99	2,260,675,347
Sep 17, 2024	131.47	135.49	130.48	131.54	131.54	1,726,861,492
Sep 16, 2024	131.50	132.30	129.14	131.47	131.47	1,623,218,789
Sep 15, 2024	137.18	137.92	130.97	131.50	131.50	1,358,403,273
Sep 14, 2024	139.10	139.73	135.94	137.18	137.18	952,465,288
Sep 13, 2024	136.14	139.83	131.86	139.10	139.10	1,668,690,414
Sep 12, 2024	132.50	136.61	132.44	136.14	136.14	1,597,055,803
Sep 11, 2024	135.63	135.80	128.43	132.50	132.50	2,122,617,674
Sep 10, 2024	135.03	137.81	132.63	135.64	135.64	1,642,358,500
Sep 9, 2024	129.99	136.19	127.22	135.03	135.03	2,443,769,044
Sep 8, 2024	127.72	131.52	126.81	129.99	129.99	1,317,794,291
Sep 7, 2024	124.99	129.29	124.27	127.72	127.72	1,321,261,949
Sep 6, 2024	129.33	134.17	121.06	124.99	124.99	3,520,537,699
Sep 5, 2024	133.60	135.09	128.14	129.33	129.33	1,926,178,088
Sep 4, 2024	127.58	134.87	123.61	133.60	133.60	2,663,812,153
Sep 3, 2024	135.00	137.14	127.57	127.58	127.58	1,787,700,523
Sep 2, 2024	128.69	135.35	127.27	135.00	135.00	2,092,221,241
Sep 1, 2024	135.37	136.00	128.24	128.69	128.69	1,974,170,865
Aug 31, 2024	138.10	138.99	134.64	135.37	135.37	892,155,699
Aug 30, 2024	140.05	141.01	132.45	138.10	138.10	2,683,385,690
Aug 29, 2024	143.89	147.22	138.27	140.05	140.05	2,098,251,665
Aug 28, 2024	146.90	148.69	140.97	143.89	143.89	2,932,401,182
Aug 27, 2024	157.24	159.62	145.66	146.90	146.90	2,783,392,784
Aug 26, 2024	158.91	161.91	155.88	157.24	157.24	2,588,808,155
Aug 25, 2024	160.73	161.95	155.51	158.91	158.91	2,085,078,554
Aug 24, 2024	153.11	162.17	152.15	160.73	160.73	2,749,419,604
Aug 23, 2024	143.26	153.77	143.16	153.11	153.11	2,560,976,300
Aug 22, 2024	142.71	144.81	140.93	143.26	143.26	1,368,400,829
Aug 21, 2024	142.33	144.16	139.27	142.71	142.71	1,923,259,439
Aug 20, 2024	144.35	148.65	141.36	143.17	143.17	2,124,392,770
Aug 19, 2024	142.59	145.92	140.75	144.34	144.34	2,077,549,615
Aug 18, 2024	141.80	146.96	140.96	142.59	142.59	1,866,239,536
Aug 17, 2024	139.33	141.96	137.87	141.80	141.80	1,199,702,073
Aug 16, 2024	142.74	144.80	136.38	139.33	139.33	2,707,615,564
Aug 15, 2024	143.92	147.35	138.16	142.75	142.75	3,032,770,371
Aug 14, 2024	146.71	151.73	142.72	143.92	143.92	2,714,536,693
Aug 13, 2024	146.45	149.61	143.15	146.71	146.71	2,224,488,388
Aug 12, 2024	141.53	150.81	141.44	146.45	146.45	3,380,174,341
Aug 11, 2024	153.96	157.93	141.35	141.53	141.53	2,411,765,937
Aug 10, 2024	156.46	158.59	152.87	153.96	153.96	1,662,980,960
Aug 9, 2024	162.93	163.25	151.23	156.46	156.46	3,217,916,997
Aug 8, 2024	144.63	163.03	142.02	162.93	162.93	5,385,642,745
Aug 7, 2024	144.09	155.01	142.75	144.63	144.63	5,529,725,414
Aug 6, 2024	129.86	149.35	129.79	144.09	144.09	5,813,459,735
Aug 5, 2024	138.05	139.14	110.61	129.86	129.86	14,114,308,949
Aug 4, 2024	142.92	145.84	132.14	138.06	138.06	4,333,596,296
Aug 3, 2024	152.64	153.78	140.22	142.92	142.92	3,620,526,646
Aug 2, 2024	167.66	169.04	150.08	152.64	152.64	4,507,521,137
Aug 1, 2024	171.83	172.69	157.99	167.67	167.67	4,402,828,194
Jul 31, 2024	179.11	184.18	171.82	171.83	171.83	3,055,204,208
Jul 30, 2024	182.77	184.18	176.02	179.11	179.11	2,766,172,800
Jul 29, 2024	184.89	193.73	181.89	182.78	182.78	3,654,304,391
Jul 28, 2024	184.09	186.51	181.40	184.89	184.89	1,852,374,783
Jul 27, 2024	183.14	188.14	178.60	184.09	184.09	3,248,901,126
Jul 26, 2024	171.96	183.54	171.88	183.14	183.14	2,816,314,095
Jul 25, 2024	178.03	179.52	165.93	171.96	171.96	4,067,186,719
Jul 24, 2024	172.76	182.36	171.21	178.03	178.03	3,112,174,836
Jul 23, 2024	178.98	180.50	170.99	172.76	172.76	3,230,351,478
Jul 22, 2024	184.55	184.79	177.04	178.98	178.98	2,808,509,242
Jul 21, 2024	173.89	184.87	171.12	184.54	184.54	3,080,452,915
Jul 20, 2024	169.18	174.83	167.56	173.89	173.89	1,908,476,088
Jul 19, 2024	159.09	171.51	156.61	169.19	169.19	3,617,009,839
Jul 18, 2024	155.59	161.59	155.57	159.07	159.07	2,044,591,406
Jul 17, 2024	160.56	163.60	155.07	155.58	155.58	2,255,652,667
Jul 16, 2024	159.77	162.47	153.05	160.55	160.55	3,034,234,774
Jul 15, 2024	147.67	159.94	147.20	159.93	159.93	2,580,623,500
Jul 14, 2024	141.93	148.55	141.93	147.62	147.62	2,009,294,488
Jul 13, 2024	139.53	143.37	138.18	141.92	141.92	1,131,518,484
Jul 12, 2024	135.86	140.42	134.16	139.53	139.53	1,990,173,458
Jul 11, 2024	141.98	145.32	135.85	135.88	135.88	2,286,890,972
Jul 10, 2024	141.37	145.85	138.86	141.97	141.97	1,952,272,010
Jul 9, 2024	139.54	143.93	136.74	141.35	141.35	2,418,798,702
Jul 8, 2024	131.80	141.63	128.56	139.46	139.46	3,692,404,575
Jul 7, 2024	143.19	143.19	131.77	131.77	131.77	1,842,515,124
Jul 6, 2024	134.36	144.01	132.61	143.24	143.24	2,078,535,871
Jul 5, 2024	127.61	135.85	122.44	134.37	134.37	4,644,036,182
Jul 4, 2024	140.72	142.51	127.55	127.55	127.55	3,243,822,145
Jul 3, 2024	153.71	154.20	139.52	140.73	140.73	2,813,419,415
Jul 2, 2024	146.59	154.71	146.12	153.70	153.70	2,024,773,533
Jul 1, 2024	146.48	148.80	145.82	146.60	146.60	1,814,659,116
Jun 30, 2024	140.01	147.20	137.14	146.49	146.49	1,567,841,881
Jun 29, 2024	139.72	142.82	139.67	140.01	140.01	1,139,066,175
Jun 28, 2024	149.45	150.05	139.31	139.70	139.70	2,396,070,692
Jun 27, 2024	136.61	150.77	135.24	149.45	149.45	2,831,651,846
Jun 26, 2024	136.55	140.17	134.93	136.61	136.61	1,670,038,554
Jun 25, 2024	132.27	139.73	131.30	136.56	136.56	2,517,391,150
Jun 24, 2024	128.60	132.31	123.67	132.24	132.24	3,420,423,301
Jun 23, 2024	133.66	135.01	128.27	128.59	128.59	1,063,910,411
Jun 22, 2024	134.57	136.46	133.14	133.67	133.67	948,392,979
Jun 21, 2024	133.47	135.23	128.92	134.59	134.59	2,214,701,928
Jun 20, 2024	135.61	141.08	132.09	133.47	133.47	2,343,938,226
Jun 19, 2024	137.48	141.67	134.73	135.61	135.61	2,241,396,569
Jun 18, 2024	143.31	143.61	130.29	137.50	137.50	4,046,511,952
Jun 17, 2024	151.14	151.58	140.14	143.33	143.33	2,244,770,232
Jun 16, 2024	145.42	151.13	143.18	151.13	151.13	1,147,997,523
Jun 15, 2024	143.07	145.54	143.02	145.41	145.41	1,065,293,341
Jun 14, 2024	147.28	148.79	140.12	143.09	143.09	2,330,458,883
Jun 13, 2024	155.19	155.19	146.17	147.31	147.31	2,085,097,655
Jun 12, 2024	149.42	161.51	145.82	155.18	155.18	2,853,692,260
Jun 11, 2024	158.93	159.52	145.87	149.43	149.43	2,812,642,453
Jun 10, 2024	162.08	162.83	157.77	158.93	158.93	1,815,361,482
Jun 9, 2024	157.96	162.92	156.77	162.08	162.08	1,475,878,151
Jun 8, 2024	162.50	163.62	157.54	157.97	157.97	1,722,237,785
Jun 7, 2024	170.02	172.44	155.80	162.51	162.51	3,298,527,575
Jun 6, 2024	173.48	174.30	167.86	170.02	170.02	1,965,442,993
Jun 5, 2024	171.80	175.48	171.38	173.48	173.48	2,405,906,612
Jun 4, 2024	164.93	171.82	164.52	171.80	171.80	2,057,558,426
Jun 3, 2024	163.25	167.04	161.85	164.92	164.92	2,182,487,608
Jun 2, 2024	166.03	166.92	161.65	163.25	163.25	1,562,269,041
Jun 1, 2024	165.64	167.74	165.59	166.03	166.03	1,058,869,941
May 31, 2024	166.98	170.63	163.93	165.64	165.64	2,415,920,333
May 30, 2024	168.07	172.42	163.68	166.98	166.98	2,932,316,784
May 29, 2024	168.65	173.64	167.32	168.07	168.07	2,852,496,248
May 28, 2024	170.00	173.02	164.97	168.65	168.65	3,342,283,019
May 27, 2024	163.35	171.99	163.34	170.00	170.00	2,745,440,475
May 26, 2024	168.44	168.44	161.26	163.35	163.35	2,543,881,488
May 25, 2024	167.80	170.36	166.11	168.44	168.44	1,875,205,755
May 24, 2024	175.99	176.03	162.87	167.80	167.80	4,013,502,065
May 23, 2024	176.86	180.17	167.40	175.99	175.99	5,117,258,940
May 22, 2024	178.12	183.07	175.45	176.86	176.86	3,833,758,536
May 21, 2024	186.52	188.49	174.71	178.12	178.12	4,568,414,163
May 20, 2024	170.09	187.45	168.03	186.52	186.52	4,636,864,705
May 19, 2024	172.54	175.19	166.73	170.09	170.09	2,300,080,451
May 18, 2024	169.53	175.78	168.93	172.54	172.54	2,479,657,643
May 17, 2024	159.12	171.61	159.12	169.53	169.53	3,371,355,809
May 16, 2024	158.19	164.32	156.77	159.12	159.12	3,498,272,951
May 15, 2024	142.03	158.64	141.35	158.19	158.19	3,585,715,674
May 14, 2024	147.28	148.83	141.91	142.03	142.03	2,586,166,419
May 13, 2024	143.52	150.55	138.03	147.28	147.28	2,556,255,769
May 12, 2024	145.31	147.57	142.88	143.52	143.52	936,690,341
May 11, 2024	146.22	147.43	143.33	145.31	145.31	1,243,751,505
May 10, 2024	152.85	155.41	144.94	146.22	146.22	2,471,594,251
May 9, 2024	142.29	153.09	140.79	152.85	152.85	2,249,863,780
May 8, 2024	148.13	149.81	140.17	142.29	142.29	2,502,237,557
May 7, 2024	152.81	159.05	148.08	148.13	148.13	2,687,619,013
May 6, 2024	145.71	156.63	145.58	152.80	152.80	2,926,902,880
May 5, 2024	146.14	147.92	143.48	145.71	145.71	2,034,794,725
May 4, 2024	143.77	148.94	142.57	146.14	146.14	3,050,187,811
May 3, 2024	137.81	144.96	136.12	143.77	143.77	3,216,962,298
May 2, 2024	134.63	140.28	128.26	137.81	137.81	3,380,078,368
May 1, 2024	126.96	135.11	119.38	134.63	134.63	4,136,407,963
Apr 30, 2024	137.78	139.67	121.64	126.96	126.96	3,407,320,371
Apr 29, 2024	137.86	138.74	133.71	137.78	137.78	2,464,951,751
Apr 28, 2024	141.29	144.51	137.23	137.86	137.86	1,959,005,342
Apr 27, 2024	139.10	142.87	134.03	141.29	141.29	2,373,155,947
Apr 26, 2024	144.89	145.85	138.91	139.10	139.10	2,564,389,027
Apr 25, 2024	147.75	149.30	142.26	144.89	144.89	3,674,969,172
Apr 24, 2024	154.70	159.58	145.77	147.75	147.75	3,932,336,720
Apr 23, 2024	157.03	159.94	153.32	154.70	154.70	2,750,685,937
Apr 22, 2024	148.61	158.37	146.99	157.03	157.03	2,959,650,502
Apr 21, 2024	151.13	153.42	147.17	148.61	148.61	2,211,663,291
Apr 20, 2024	142.68	152.10	140.01	151.13	151.13	2,795,892,211
Apr 19, 2024	142.08	147.33	128.86	142.68	142.68	5,857,667,913
Apr 18, 2024	131.87	143.73	128.08	142.08	142.08	4,193,561,506
Apr 17, 2024	136.28	142.60	127.53	131.87	131.87	4,888,546,522
Apr 16, 2024	138.51	140.28	126.87	136.28	136.28	5,156,084,639
Apr 15, 2024	151.30	155.96	134.57	138.51	138.51	5,699,439,234
Apr 14, 2024	139.34	152.50	131.29	151.28	151.28	7,110,974,218
Apr 13, 2024	153.63	154.94	119.83	139.34	139.34	8,976,793,985
Apr 12, 2024	172.58	175.81	145.52	153.64	153.64	4,727,185,451
Apr 11, 2024	173.44	176.24	170.39	172.58	172.58	2,712,334,365
Apr 10, 2024	172.41	175.32	163.81	173.44	173.44	3,344,074,648
Apr 9, 2024	180.78	180.83	169.37	172.41	172.41	2,688,188,866
Apr 8, 2024	179.65	184.30	175.59	180.78	180.78	2,744,377,905
Apr 7, 2024	178.92	182.54	177.07	179.65	179.65	1,854,793,003
Apr 6, 2024	174.50	179.70	173.87	178.92	178.92	4,672,922,789
Apr 5, 2024	183.96	184.98	168.24	174.50	174.50	7,398,400,404
Apr 4, 2024	185.25	190.07	180.51	183.96	183.96	4,101,220,964
Apr 3, 2024	181.17	191.69	177.40	185.25	185.25	4,160,370,221
Apr 2, 2024	192.57	192.57	176.13	181.17	181.17	4,553,269,015
Apr 1, 2024	202.87	204.18	187.49	192.57	192.57	3,872,515,434
Mar 31, 2024	194.38	203.03	194.04	202.87	202.87	2,342,185,476
Mar 30, 2024	192.23	199.73	191.22	194.39	194.39	2,999,311,846
Mar 29, 2024	189.62	192.97	183.65	192.23	192.23	3,031,009,580
Mar 28, 2024	186.36	190.88	181.00	189.62	189.62	2,910,414,256
Mar 27, 2024	190.70	192.50	180.42	186.36	186.36	3,844,985,014
Mar 26, 2024	189.08	196.29	186.75	190.70	190.70	3,520,179,571
Mar 25, 2024	183.57	194.43	181.25	189.08	189.08	4,066,489,821
Mar 24, 2024	172.90	186.63	171.67	183.57	183.57	2,661,231,893
Mar 23, 2024	174.36	178.80	171.02	172.90	172.90	2,711,581,881
Mar 22, 2024	179.24	181.32	167.88	174.36	174.36	4,150,938,142
Mar 21, 2024	191.55	195.31	176.28	179.22	179.22	5,613,811,275
Mar 20, 2024	170.02	192.91	163.30	191.55	191.55	8,673,957,460
Mar 19, 2024	195.99	198.24	166.18	170.02	170.02	11,658,593,922
Mar 18, 2024	202.12	209.70	194.85	195.99	195.99	11,137,647,410
Mar 17, 2024	181.88	204.29	179.23	202.12	202.12	10,876,218,562
Mar 16, 2024	182.97	197.66	177.46	181.88	181.88	11,794,134,069
Mar 15, 2024	176.68	188.50	165.41	182.96	182.96	14,093,348,410
Mar 14, 2024	163.84	177.89	160.23	176.68	176.68	8,399,967,972
Mar 13, 2024	151.02	166.45	148.95	163.84	163.84	5,917,471,836
Mar 12, 2024	148.75	154.94	142.87	151.02	151.02	6,413,617,983
Mar 11, 2024	144.51	150.02	137.63	148.75	148.75	5,383,624,184
Mar 10, 2024	144.61	148.67	140.84	144.52	144.52	3,407,621,981
Mar 9, 2024	145.24	149.35	144.29	144.61	144.61	2,946,261,381
Mar 8, 2024	143.98	152.42	142.54	145.24	145.24	5,474,659,974
Mar 7, 2024	130.74	149.22	130.70	143.98	143.98	7,111,178,325
Mar 6, 2024	125.70	134.81	120.32	130.74	130.74	5,146,680,159
Mar 5, 2024	133.16	142.65	109.54	125.71	125.71	8,980,294,607
Mar 4, 2024	130.42	134.87	127.80	133.19	133.19	4,429,758,300
Mar 3, 2024	129.79	132.06	125.77	130.45	130.45	2,875,614,168
Mar 2, 2024	129.98	131.45	127.68	129.70	129.70	2,741,772,676
Mar 1, 2024	125.64	137.60	125.64	129.99	129.99	4,743,077,738
Feb 29, 2024	118.24	134.47	117.67	125.71	125.71	6,950,123,902
Feb 28, 2024	108.40	118.05	107.46	118.05	118.05	5,029,492,553
Feb 27, 2024	109.92	112.20	105.90	108.39	108.39	2,723,995,106
Feb 26, 2024	103.45	110.58	100.46	109.92	109.92	2,334,408,023
Feb 25, 2024	104.13	104.33	102.17	103.45	103.45	909,662,462
Feb 24, 2024	99.95	104.65	98.59	104.13	104.13	1,083,637,514
Feb 23, 2024	101.67	103.02	98.96	99.95	99.95	1,483,285,120
Feb 22, 2024	105.12	107.00	101.64	101.67	101.67	1,830,636,004
Feb 21, 2024	108.45	108.45	100.41	105.13	105.13	2,246,861,647
Feb 20, 2024	111.48	112.04	104.89	108.46	108.46	2,656,976,089
Feb 19, 2024	112.18	114.72	111.08	111.49	111.49	1,898,655,220
Feb 18, 2024	108.99	114.00	107.61	112.17	112.17	1,516,321,334
Feb 17, 2024	110.44	111.07	106.13	108.98	108.98	1,370,606,631
Feb 16, 2024	113.67	114.25	108.35	110.45	110.45	1,921,299,579
Feb 15, 2024	116.99	118.31	111.78	113.70	113.70	2,471,486,178
Feb 14, 2024	112.57	118.33	110.88	116.98	116.98	2,391,239,729
Feb 13, 2024	111.98	114.81	108.49	112.58	112.58	2,709,494,768
Feb 12, 2024	107.49	112.07	103.61	111.99	111.99	2,650,731,894
Feb 11, 2024	109.12	110.56	107.36	107.50	107.50	1,370,383,843
Feb 10, 2024	106.93	110.74	106.93	109.13	109.13	1,836,561,570
Feb 9, 2024	102.79	108.99	102.79	106.93	106.93	2,852,770,180
Feb 8, 2024	101.00	104.80	100.55	102.79	102.79	2,288,429,230
Feb 7, 2024	96.86	101.24	94.72	100.98	100.98	1,733,607,189
Feb 6, 2024	95.55	97.79	93.28	96.86	96.86	1,699,997,346
Feb 5, 2024	95.47	98.54	94.29	95.55	95.55	1,635,327,054
Feb 4, 2024	97.89	98.46	95.27	95.48	95.48	1,304,106,726
Feb 3, 2024	100.45	101.06	96.81	97.88	97.88	1,349,320,819
Feb 2, 2024	97.83	102.41	97.57	100.44	100.44	2,574,044,077
Feb 1, 2024	97.02	97.94	93.38	97.85	97.85	2,951,395,444
Jan 31, 2024	101.45	102.55	96.10	97.03	97.03	3,814,467,068
Jan 30, 2024	101.57	106.21	101.11	101.47	101.47	3,328,090,833
Jan 29, 2024	95.94	101.77	95.18	101.57	101.57	2,604,890,575
Jan 28, 2024	94.18	99.38	93.54	95.94	95.94	2,425,625,612
Jan 27, 2024	92.39	94.44	90.84	94.16	94.16	1,256,585,307
Jan 26, 2024	86.89	93.53	86.15	92.44	92.44	2,027,305,107
Jan 25, 2024	88.74	89.38	85.27	86.89	86.89	1,674,093,024
Jan 24, 2024	84.29	89.27	83.42	88.73	88.73	2,352,477,736
Jan 23, 2024	83.62	85.84	79.07	84.27	84.27	2,990,436,327
Jan 22, 2024	90.90	91.64	82.66	83.62	83.62	2,662,287,481
Jan 21, 2024	92.59	93.71	90.85	90.85	90.85	894,963,197
Jan 20, 2024	93.39	94.03	90.49	92.57	92.57	1,204,443,546
Jan 19, 2024	94.25	95.16	87.48	93.39	93.39	2,631,067,383
Jan 18, 2024	102.03	102.92	92.14	94.25	94.25	2,684,524,713
Jan 17, 2024	97.62	102.43	97.06	102.06	102.06	3,220,344,763
Jan 16, 2024	94.44	98.60	94.40	97.63	97.63	1,806,576,879
Jan 15, 2024	94.04	96.82	93.24	94.49	94.49	1,755,858,499
Jan 14, 2024	95.73	102.17	93.89	94.13	94.13	2,736,734,725
Jan 13, 2024	91.76	96.92	89.75	95.73	95.73	1,880,329,065
Jan 12, 2024	99.91	100.25	88.31	91.72	91.72	2,868,799,888
Jan 11, 2024	102.10	106.94	98.41	99.91	99.91	4,174,026,719
Jan 10, 2024	99.38	105.08	92.56	102.03	102.03	4,216,429,514
Jan 9, 2024	97.82	103.80	95.89	99.41	99.41	4,070,131,683
Jan 8, 2024	89.28	99.76	85.65	97.79	97.79	4,152,448,360
Jan 7, 2024	93.86	96.69	88.22	89.28	89.28	2,288,061,692
Jan 6, 2024	99.99	100.04	92.02	93.86	93.86	2,235,902,092
Jan 5, 2024	105.05	105.24	95.94	99.98	99.98	3,022,127,826
Jan 4, 2024	98.59	107.98	97.11	105.08	105.08	3,272,723,247
Jan 3, 2024	106.62	109.85	92.92	98.59	98.59	5,472,216,595
Jan 2, 2024	109.55	116.88	106.39	106.61	106.61	3,782,057,553
Jan 1, 2024	101.51	109.51	101.51	109.51	109.51	2,157,671,990
Dec 31, 2023	101.84	105.13	99.89	101.51	101.51	1,748,630,533
Dec 30, 2023	106.30	107.33	101.07	101.85	101.85	1,863,177,830
Dec 29, 2023	102.07	109.67	100.06	106.31	106.31	4,445,797,973
Dec 28, 2023	107.02	109.42	97.67	102.10	102.10	4,492,625,126
Dec 27, 2023	112.65	115.03	105.43	107.02	107.02	4,267,938,569
Dec 26, 2023	121.08	121.14	104.73	112.68	112.68	6,117,657,160
Dec 25, 2023	112.56	125.19	108.90	121.15	121.15	5,951,791,518
Dec 24, 2023	107.73	117.38	107.73	112.49	112.49	6,365,529,251
Dec 23, 2023	98.00	109.51	93.11	107.59	107.59	3,957,434,568
Dec 22, 2023	93.86	99.12	90.80	98.00	98.00	5,284,203,995
Dec 21, 2023	82.19	95.32	81.24	93.85	93.85	4,711,493,441
Dec 20, 2023	72.99	83.96	72.99	82.19	82.19	3,745,738,278
Dec 19, 2023	74.35	76.27	72.01	72.99	72.99	1,900,875,405
Dec 18, 2023	70.93	75.38	67.33	74.35	74.35	2,281,865,174
Dec 17, 2023	73.47	74.72	70.82	71.00	71.00	1,552,380,672
Dec 16, 2023	72.43	77.08	71.57	73.47	73.47	1,781,972,898
Dec 15, 2023	75.64	79.15	72.37	72.37	72.37	2,821,390,652
Dec 14, 2023	70.75	76.18	69.86	75.62	75.62	2,464,938,440
Dec 13, 2023	68.53	72.35	64.37	70.77	70.77	2,414,610,075
Dec 12, 2023	70.34	72.34	65.97	68.54	68.54	2,366,453,484
Dec 11, 2023	74.71	74.84	67.22	70.37	70.37	3,729,540,309
Dec 10, 2023	72.27	74.72	70.92	74.71	74.71	1,849,363,354
Dec 9, 2023	74.99	77.50	72.04	72.26	72.26	2,893,248,364
Dec 8, 2023	67.85	75.13	67.84	75.00	75.00	3,612,712,432
Dec 7, 2023	61.93	69.30	61.87	67.84	67.84	3,002,455,075
Dec 6, 2023	60.98	66.38	60.98	61.90	61.90	3,030,993,886
Dec 5, 2023	61.53	62.54	59.25	60.99	60.99	1,693,517,649
Dec 4, 2023	63.04	65.13	60.28	61.53	61.53	2,211,865,569
Dec 3, 2023	63.82	65.40	62.42	63.04	63.04	1,368,876,645
Dec 2, 2023	59.80	63.83	59.77	63.83	63.83	1,346,327,049
Dec 1, 2023	59.24	61.76	58.78	59.80	59.80	1,376,669,760
Nov 30, 2023	59.25	61.44	58.95	59.24	59.24	1,263,841,021
Nov 29, 2023	58.19	61.65	57.86	59.25	59.25	1,941,361,674
Nov 28, 2023	55.06	58.61	54.09	58.19	58.19	1,412,314,015
Nov 27, 2023	57.63	58.02	53.71	55.06	55.06	1,237,763,215
Nov 26, 2023	58.85	58.96	56.51	57.64	57.64	871,154,750
Nov 25, 2023	56.87	59.65	56.33	58.85	58.85	1,183,793,273
Nov 24, 2023	56.58	58.69	56.35	56.87	56.87	1,146,346,831
Nov 23, 2023	57.58	59.47	56.29	56.60	56.60	1,379,316,733
Nov 22, 2023	52.00	58.79	51.74	57.59	57.59	1,985,653,842
Nov 21, 2023	56.54	57.37	51.56	52.00	52.00	2,440,890,238
Nov 20, 2023	61.37	61.37	56.35	56.53	56.53	1,937,313,546
Nov 19, 2023	58.52	62.02	56.88	61.39	61.39	1,998,656,461
Nov 18, 2023	58.39	59.28	55.06	58.51	58.51	1,942,321,169
Nov 17, 2023	57.92	60.42	54.55	58.42	58.42	3,185,454,735
Nov 16, 2023	65.54	67.99	56.81	57.87	57.87	3,922,608,772
Nov 15, 2023	56.84	66.87	56.31	65.53	65.53	3,793,937,162
Nov 14, 2023	51.90	57.73	51.71	56.84	56.84	3,195,616,616
Nov 13, 2023	56.18	59.71	51.91	51.91	51.91	2,942,685,126
Nov 12, 2023	56.13	61.71	54.94	56.15	56.15	2,987,356,952
Nov 11, 2023	56.64	63.42	54.04	56.10	56.10	4,182,963,132
Nov 10, 2023	45.44	57.35	45.22	56.64	56.64	3,795,204,638
Nov 9, 2023	43.18	48.70	42.61	45.44	45.44	2,830,770,419
Nov 8, 2023	43.09	43.81	42.39	43.19	43.19	1,009,177,437
Nov 7, 2023	42.14	44.43	40.32	43.09	43.09	1,780,187,159
Nov 6, 2023	41.24	42.16	39.83	42.13	42.13	1,010,459,088
Nov 5, 2023	42.37	42.80	40.38	41.24	41.24	884,855,278
Nov 4, 2023	39.52	42.70	39.17	42.35	42.35	1,454,107,898
Nov 3, 2023	40.21	40.23	38.22	39.52	39.52	1,755,955,299
Nov 2, 2023	41.39	44.49	38.98	40.21	40.21	2,583,692,673
Nov 1, 2023	38.51	46.25	37.96	41.46	41.46	3,630,725,002
Oct 31, 2023	34.96	38.55	34.91	38.52	38.52	1,577,034,191
Oct 30, 2023	32.82	35.17	32.39	34.96	34.96	1,099,930,941
Oct 29, 2023	31.65	33.13	31.43	32.82	32.82	507,672,244
Oct 28, 2023	31.74	32.48	31.51	31.65	31.65	380,462,073
Oct 27, 2023	32.78	33.30	31.53	31.74	31.74	870,812,666
Oct 26, 2023	32.46	33.22	30.80	32.78	32.78	1,015,617,285
Oct 25, 2023	30.15	33.69	30.06	32.46	32.46	1,458,706,203
Oct 24, 2023	31.85	32.36	29.70	30.15	30.15	1,450,364,573
Oct 23, 2023	29.26	32.47	28.90	31.85	31.85	1,581,590,969
Oct 22, 2023	29.38	29.97	28.21	29.04	29.04	665,340,924
Oct 21, 2023	27.03	30.14	26.71	29.39	29.39	1,160,814,433
Oct 20, 2023	24.94	27.32	24.77	27.03	27.03	910,991,447
Oct 19, 2023	23.43	25.39	23.26	24.94	24.94	663,249,208
Oct 18, 2023	23.96	24.30	23.42	23.43	23.43	362,606,644
Oct 17, 2023	23.98	24.49	23.64	23.96	23.96	520,830,665
Oct 16, 2023	21.92	24.41	21.92	23.98	23.98	726,713,710
Oct 15, 2023	22.01	22.14	21.71	21.92	21.92	178,940,996
Oct 14, 2023	21.83	22.20	21.82	22.01	22.01	174,004,594
Oct 13, 2023	21.30	22.16	21.13	21.83	21.83	269,268,807
Oct 12, 2023	22.01	22.02	21.07	21.30	21.30	283,320,977
Oct 11, 2023	22.11	22.39	21.68	22.01	22.01	278,925,381
Oct 10, 2023	22.12	22.46	21.74	22.11	22.11	241,087,146
Oct 9, 2023	23.24	23.35	21.81	22.12	22.12	356,967,743
Oct 8, 2023	23.29	23.61	23.14	23.25	23.25	190,670,414
Oct 7, 2023	23.42	24.10	23.12	23.29	23.29	278,403,509
Oct 6, 2023	22.69	23.71	22.69	23.42	23.42	402,665,506
Oct 5, 2023	23.15	23.72	22.63	22.69	22.69	361,288,781
Oct 4, 2023	23.56	23.75	22.69	23.14	23.14	429,268,875
Oct 3, 2023	23.37	24.66	23.30	23.55	23.55	653,491,878
Oct 2, 2023	23.84	24.60	22.98	23.37	23.37	658,084,028
Oct 1, 2023	21.39	24.40	21.17	23.84	23.84	637,123,111
Sep 30, 2023	20.30	21.73	20.12	21.40	21.40	328,987,954
Sep 29, 2023	19.96	20.42	19.88	20.30	20.30	219,571,069
Sep 28, 2023	19.13	19.96	19.11	19.96	19.96	225,954,938
Sep 27, 2023	19.02	19.45	18.77	19.13	19.13	210,385,139
Sep 26, 2023	19.40	19.51	18.94	19.02	19.02	170,201,883
Sep 25, 2023	19.37	19.70	19.22	19.40	19.40	163,848,456
Sep 24, 2023	19.47	19.66	19.31	19.37	19.37	115,380,619
Sep 23, 2023	19.44	19.56	19.31	19.47	19.47	97,379,053
Sep 22, 2023	19.48	19.77	19.22	19.44	19.44	170,874,161
Sep 21, 2023	20.30	20.30	19.37	19.48	19.48	253,809,695
Sep 20, 2023	20.04	20.48	19.85	20.30	20.30	233,206,126
Sep 19, 2023	19.66	20.36	19.61	20.04	20.04	253,895,801
Sep 18, 2023	18.83	20.10	18.65	19.66	19.66	316,245,106
Sep 17, 2023	19.14	19.14	18.71	18.83	18.83	112,594,680
Sep 16, 2023	19.17	19.42	18.92	19.14	19.14	146,477,836
Sep 15, 2023	18.84	19.41	18.59	19.17	19.17	205,202,282
Sep 14, 2023	18.40	19.27	18.40	18.84	18.84	349,380,172
Sep 13, 2023	17.93	18.51	17.74	18.40	18.40	356,729,875
Sep 12, 2023	17.74	18.66	17.61	17.93	17.93	361,388,393
Sep 11, 2023	18.25	18.41	17.46	17.74	17.74	380,225,621
Sep 10, 2023	19.45	19.45	17.87	18.25	18.25	520,683,204
Sep 9, 2023	19.60	19.60	19.40	19.45	19.45	101,925,453
Sep 8, 2023	19.89	20.21	19.42	19.60	19.60	219,114,497
Sep 7, 2023	19.62	19.97	19.37	19.89	19.89	242,438,252
Sep 6, 2023	20.27	20.35	19.22	19.62	19.62	313,630,984
Sep 5, 2023	19.50	20.55	19.09	20.27	20.27	387,328,289
Sep 4, 2023	19.58	19.95	19.24	19.50	19.50	220,024,399
Sep 3, 2023	19.49	19.66	19.28	19.58	19.58	164,570,332
Sep 2, 2023	19.33	19.67	19.19	19.49	19.49	200,858,690
Sep 1, 2023	19.73	19.91	19.09	19.33	19.33	286,842,939
Aug 31, 2023	20.83	21.01	19.55	19.74	19.74	343,649,256
Aug 30, 2023	21.78	21.93	20.64	20.83	20.83	292,322,455
Aug 29, 2023	20.56	21.98	20.13	21.78	21.78	469,679,540
Aug 28, 2023	20.79	20.79	20.17	20.56	20.56	200,600,033
Aug 27, 2023	20.28	20.87	20.26	20.79	20.79	177,496,132
Aug 26, 2023	20.39	20.40	20.22	20.28	20.28	144,065,112
Aug 25, 2023	21.04	21.05	20.15	20.39	20.39	278,312,420
Aug 24, 2023	21.71	21.99	20.75	21.03	21.03	328,472,951
Aug 23, 2023	20.55	21.75	20.45	21.70	21.70	404,686,524
Aug 22, 2023	21.21	21.25	19.74	20.55	20.55	381,594,696
Aug 21, 2023	21.77	21.78	20.68	21.21	21.21	339,125,910
Aug 20, 2023	21.88	22.00	21.63	21.77	21.77	198,853,112
Aug 19, 2023	21.34	22.15	21.32	21.88	21.88	244,048,976
Aug 18, 2023	21.71	22.17	21.09	21.34	21.34	411,279,768
Aug 17, 2023	22.81	23.38	20.30	21.71	21.71	620,931,325
Aug 16, 2023	23.90	23.99	22.49	22.81	22.81	441,171,937
Aug 15, 2023	25.15	25.24	23.76	23.90	23.90	424,193,111
Aug 14, 2023	24.24	25.23	24.10	25.14	25.14	359,715,099
Aug 13, 2023	24.91	24.91	24.24	24.24	24.24	263,449,955
Aug 12, 2023	24.59	25.11	24.41	24.91	24.91	253,389,584
Aug 11, 2023	24.61	24.87	24.36	24.58	24.58	314,045,619
Aug 10, 2023	24.38	24.81	24.15	24.61	24.61	339,616,018
Aug 9, 2023	24.21	24.95	24.19	24.38	24.38	447,009,018
Aug 8, 2023	23.07	24.73	23.02	24.21	24.21	495,649,796
Aug 7, 2023	23.19	23.50	22.49	23.07	23.07	353,804,981
Aug 6, 2023	22.63	23.42	22.60	23.19	23.19	320,595,154
Aug 5, 2023	22.79	22.90	22.33	22.63	22.63	250,613,466
Aug 4, 2023	22.63	23.52	22.52	22.79	22.79	382,245,804
Aug 3, 2023	23.14	23.35	22.54	22.64	22.64	365,983,702
Aug 2, 2023	23.99	24.22	22.98	23.15	23.15	393,185,796
Aug 1, 2023	23.72	24.00	23.09	24.00	24.00	428,254,164
Jul 31, 2023	24.26	24.75	23.66	23.72	23.72	376,948,332
Jul 30, 2023	25.17	25.19	23.85	24.26	24.26	365,262,222
Jul 29, 2023	24.84	25.37	24.78	25.17	25.17	265,061,245
Jul 28, 2023	25.10	25.47	24.58	24.85	24.85	374,045,446
Jul 27, 2023	25.18	25.59	24.72	25.10	25.10	514,211,484
Jul 26, 2023	23.28	25.52	23.21	25.18	25.18	688,135,176
Jul 25, 2023	23.38	23.53	22.86	23.28	23.28	346,742,173
Jul 24, 2023	24.77	24.81	23.07	23.38	23.38	492,344,649
Jul 23, 2023	24.53	25.21	24.25	24.77	24.77	330,741,258
Jul 22, 2023	25.54	25.95	24.31	24.54	24.54	335,432,006
Jul 21, 2023	25.38	25.95	25.14	25.54	25.54	410,907,584
Jul 20, 2023	26.37	26.90	25.17	25.38	25.38	606,255,421
Jul 19, 2023	25.55	26.92	25.42	26.37	26.37	603,189,951
Jul 18, 2023	26.87	27.05	24.82	25.54	25.54	696,782,373
Jul 17, 2023	27.39	28.38	25.90	26.87	26.87	970,813,262
Jul 16, 2023	27.40	28.55	26.90	27.38	27.38	753,056,132
Jul 15, 2023	26.73	29.06	26.69	27.39	27.39	1,323,279,744
Jul 14, 2023	26.02	30.06	25.43	26.74	26.74	2,184,090,884
Jul 13, 2023	21.98	26.62	21.49	26.03	26.03	1,527,996,472
Jul 12, 2023	22.09	22.71	21.83	21.98	21.98	541,605,988
Jul 11, 2023	21.31	22.29	21.24	22.09	22.09	453,810,523
Jul 10, 2023	21.35	21.78	20.57	21.31	21.31	543,191,863
Jul 9, 2023	21.85	22.32	21.09	21.35	21.35	405,174,806
Jul 8, 2023	21.49	22.40	21.36	21.86	21.86	693,929,963
Jul 7, 2023	19.73	21.60	19.32	21.48	21.48	988,591,308
Jul 6, 2023	18.99	20.92	18.89	19.73	19.73	903,770,571
Jul 5, 2023	19.15	19.36	18.50	18.99	18.99	260,416,081
Jul 4, 2023	19.24	19.88	19.10	19.14	19.14	345,225,951
Jul 3, 2023	19.45	19.61	18.94	19.24	19.24	324,227,812
Jul 2, 2023	18.69	19.70	18.58	19.45	19.45	497,231,250
Jul 1, 2023	18.90	18.97	17.95	18.68	18.68	349,552,752
Jun 30, 2023	17.97	19.86	17.31	18.90	18.90	1,120,379,648
Jun 29, 2023	15.99	18.20	15.91	17.97	17.97	737,633,196
Jun 28, 2023	16.62	16.63	15.75	15.99	15.99	327,399,744
Jun 27, 2023	16.27	16.91	16.18	16.62	16.62	259,041,273
Jun 26, 2023	16.97	17.10	16.02	16.27	16.27	275,948,459
Jun 25, 2023	16.65	17.34	16.61	16.97	16.97	252,839,095
Jun 24, 2023	17.15	17.52	16.46	16.65	16.65	260,480,952
Jun 23, 2023	16.64	17.51	16.24	17.15	17.15	386,994,632
Jun 22, 2023	17.26	17.70	16.61	16.64	16.64	299,233,520
Jun 21, 2023	16.64	17.38	16.58	17.26	17.26	357,788,986
Jun 20, 2023	16.08	16.67	15.76	16.64	16.64	265,787,114